{"D_A": 0.45969057083129883, "G_A": 0.42183971405029297, "cycle_A": 6.70930290222168, "idt_A": 1.2324196100234985, "D_B": 0.6005486249923706, "G_B": 0.4156602621078491, "cycle_B": 2.9330551624298096, "idt_B": 3.3259713649749756, "_timestamp": 1647961599, "_runtime": 199, "_step": 0, "_wandb": {"runtime": 268}}